{"cameraMode":{"drawMode":0,"name":"Shaded","section":"Shading Mode"},"sceneLighting":false,"audioPlay":false,"sceneViewState":{"showFog":true,"showMaterialUpdate":true,"showSkybox":false,"showFlares":true,"showImageEffects":true,"showParticleSystems":true},"in2DMode":false,"pivot":{"x":-1.1522409915924073,"y":-0.8364880084991455,"z":1.341304898262024},"rotation":{"x":-0.27273815870285036,"y":0.6361911296844482,"z":-0.25726914405822756,"w":-0.6743502020835877},"size":5.552469730377197,"orthographic":false}