{"cameraMode":{"drawMode":0,"name":"Shaded","section":"Shading Mode"},"sceneLighting":false,"audioPlay":false,"sceneViewState":{"showFog":true,"showMaterialUpdate":true,"showSkybox":false,"showFlares":true,"showImageEffects":true,"showParticleSystems":true},"in2DMode":false,"pivot":{"x":447.2041320800781,"y":213.9182586669922,"z":2.1582350730895998},"rotation":{"x":-0.12767253816127778,"y":-0.7525811195373535,"z":-0.15310025215148927,"w":0.6276236176490784},"size":5.064675807952881,"orthographic":false}