{"cameraMode":{"drawMode":0,"name":"Shaded","section":"Shading Mode"},"sceneLighting":false,"audioPlay":false,"sceneViewState":{"showFog":true,"showMaterialUpdate":true,"showSkybox":false,"showFlares":true,"showImageEffects":true,"showParticleSystems":true},"in2DMode":false,"pivot":{"x":0.0,"y":0.9586279392242432,"z":39.26675033569336},"rotation":{"x":-0.004088720306754112,"y":-0.9958290457725525,"z":0.057133015245199206,"w":-0.07121531665325165},"size":4.284684181213379,"orthographic":false}