{"cameraMode":{"drawMode":0,"name":"Shaded","section":"Shading Mode"},"sceneLighting":false,"audioPlay":false,"sceneViewState":{"showFog":true,"showMaterialUpdate":true,"showSkybox":false,"showFlares":true,"showImageEffects":true,"showParticleSystems":true},"in2DMode":false,"pivot":{"x":2.7392079830169679,"y":0.9936457276344299,"z":0.0036883484572172167},"rotation":{"x":0.011052770540118218,"y":0.9739499688148499,"z":-0.048548340797424319,"w":0.22135864198207856},"size":5.48876953125,"orthographic":false}