{"cameraMode":{"drawMode":0,"name":"Shaded","section":"Shading Mode"},"sceneLighting":false,"audioPlay":false,"sceneViewState":{"showFog":true,"showMaterialUpdate":true,"showSkybox":false,"showFlares":true,"showImageEffects":true,"showParticleSystems":true},"in2DMode":false,"pivot":{"x":0.4653981328010559,"y":0.8544085621833801,"z":0.3232833445072174},"rotation":{"x":0.006257678382098675,"y":0.992142915725708,"z":-0.11239980161190033,"w":0.05510278791189194},"size":7.634291648864746,"orthographic":false}