{"cameraMode":{"drawMode":0,"name":"Shaded","section":"Shading Mode"},"sceneLighting":false,"audioPlay":false,"sceneViewState":{"showFog":true,"showMaterialUpdate":true,"showSkybox":false,"showFlares":true,"showImageEffects":true,"showParticleSystems":true},"in2DMode":false,"pivot":{"x":-4.525711536407471,"y":2.230600357055664,"z":9.98546028137207},"rotation":{"x":-0.016146685928106309,"y":-0.980006992816925,"z":0.17712639272212983,"w":-0.08932031691074372},"size":22.993162155151368,"orthographic":false}