{"cameraMode":{"drawMode":0,"name":"Shaded","section":"Shading Mode"},"sceneLighting":false,"audioPlay":false,"sceneViewState":{"showFog":true,"showMaterialUpdate":true,"showSkybox":false,"showFlares":true,"showImageEffects":true,"showParticleSystems":true},"in2DMode":false,"pivot":{"x":0.5201002955436707,"y":0.14851048588752747,"z":1.1432278156280518},"rotation":{"x":-0.028762033209204675,"y":-0.5628412961959839,"z":0.019595803692936899,"w":-0.8258549571037293},"size":5.14523458480835,"orthographic":false}