{"cameraMode":{"drawMode":0,"name":"Shaded","section":"Shading Mode"},"sceneLighting":false,"audioPlay":false,"sceneViewState":{"showFog":true,"showMaterialUpdate":true,"showSkybox":false,"showFlares":true,"showImageEffects":true,"showParticleSystems":true},"in2DMode":false,"pivot":{"x":0.1597520411014557,"y":-1.1920928955078126e-7,"z":7.450580596923828e-8},"rotation":{"x":-0.005690203048288822,"y":0.9892479777336121,"z":-0.14072901010513307,"w":-0.04010454937815666},"size":2.9211063385009767,"orthographic":false}