{"cameraMode":{"drawMode":0,"name":"Shaded","section":"Shading Mode"},"sceneLighting":false,"audioPlay":false,"sceneViewState":{"showFog":true,"showMaterialUpdate":true,"showSkybox":false,"showFlares":true,"showImageEffects":true,"showParticleSystems":true},"in2DMode":false,"pivot":{"x":0.4653981328010559,"y":0.9365301728248596,"z":0.3232833445072174},"rotation":{"x":0.010143148712813855,"y":0.6796244978904724,"z":-0.009371534921228886,"w":0.7334688305854797},"size":7.740988254547119,"orthographic":false}