{"cameraMode":{"drawMode":0,"name":"Shaded","section":"Shading Mode"},"sceneLighting":false,"audioPlay":false,"sceneViewState":{"showFog":true,"showMaterialUpdate":true,"showSkybox":false,"showFlares":true,"showImageEffects":true,"showParticleSystems":true},"in2DMode":false,"pivot":{"x":-9.032936096191407,"y":-4.689548015594482,"z":21.67861557006836},"rotation":{"x":-0.04495212063193321,"y":0.6389192342758179,"z":-0.7670947313308716,"w":-0.03741587698459625},"size":7.5511345863342289,"orthographic":false}