{"cameraMode":{"drawMode":0,"name":"Shaded","section":"Shading Mode"},"sceneLighting":false,"audioPlay":false,"sceneViewState":{"showFog":true,"showMaterialUpdate":true,"showSkybox":false,"showFlares":true,"showImageEffects":true,"showParticleSystems":true},"in2DMode":false,"pivot":{"x":17.78577423095703,"y":1.136443853378296,"z":19.2824649810791},"rotation":{"x":-0.004088720306754112,"y":-0.9958290457725525,"z":0.057133015245199206,"w":-0.07121531665325165},"size":11.790949821472168,"orthographic":false}