{"cameraMode":{"drawMode":0,"name":"Shaded","section":"Shading Mode"},"sceneLighting":true,"audioPlay":false,"sceneViewState":{"showFog":true,"showMaterialUpdate":true,"showSkybox":true,"showFlares":true,"showImageEffects":true,"showParticleSystems":true},"in2DMode":false,"pivot":{"x":-12.353559494018555,"y":1.0433158874511719,"z":40.15818405151367},"rotation":{"x":-0.14441990852355958,"y":0.7530457377433777,"z":-0.17617440223693849,"w":-0.6173534393310547},"size":44.938133239746097,"orthographic":false}