{"cameraMode":{"drawMode":0,"name":"Shaded","section":"Shading Mode"},"sceneLighting":false,"audioPlay":false,"sceneViewState":{"showFog":true,"showMaterialUpdate":true,"showSkybox":false,"showFlares":true,"showImageEffects":true,"showParticleSystems":true},"in2DMode":false,"pivot":{"x":0.20740282535552979,"y":0.0,"z":0.07320289313793183},"rotation":{"x":-0.005690203048288822,"y":0.9892479777336121,"z":-0.14072901010513307,"w":-0.04010454937815666},"size":2.267935276031494,"orthographic":false}