{"cameraMode":{"drawMode":0,"name":"Shaded","section":"Shading Mode"},"sceneLighting":false,"audioPlay":false,"sceneViewState":{"showFog":true,"showMaterialUpdate":true,"showSkybox":false,"showFlares":true,"showImageEffects":true,"showParticleSystems":true},"in2DMode":false,"pivot":{"x":-0.018456220626831056,"y":2.092120885848999,"z":-0.003755807876586914},"rotation":{"x":-0.0755750983953476,"y":0.9199414253234863,"z":-0.31542471051216128,"w":-0.2204563468694687},"size":7.99285888671875,"orthographic":false}