{"cameraMode":{"drawMode":0,"name":"Shaded","section":"Shading Mode"},"sceneLighting":false,"audioPlay":false,"sceneViewState":{"showFog":true,"showMaterialUpdate":true,"showSkybox":false,"showFlares":true,"showImageEffects":true,"showParticleSystems":true},"in2DMode":false,"pivot":{"x":-0.8947551846504211,"y":0.9775344133377075,"z":-0.06043277680873871},"rotation":{"x":0.015644345432519914,"y":0.984373152256012,"z":-0.12050092965364456,"w":0.12767525017261506},"size":2.7784435749053957,"orthographic":false}