{"cameraMode":{"drawMode":0,"name":"Shaded","section":"Shading Mode"},"sceneLighting":false,"audioPlay":false,"sceneViewState":{"showFog":true,"showMaterialUpdate":true,"showSkybox":false,"showFlares":true,"showImageEffects":true,"showParticleSystems":true},"in2DMode":false,"pivot":{"x":-0.06481918692588806,"y":-0.3428705334663391,"z":0.0},"rotation":{"x":-0.005690203048288822,"y":0.9892479777336121,"z":-0.14072901010513307,"w":-0.04010454937815666},"size":2.931821346282959,"orthographic":false}