{"cameraMode":{"drawMode":0,"name":"Shaded","section":"Shading Mode"},"sceneLighting":false,"audioPlay":false,"sceneViewState":{"showFog":true,"showMaterialUpdate":true,"showSkybox":false,"showFlares":true,"showImageEffects":true,"showParticleSystems":true},"in2DMode":false,"pivot":{"x":0.7523645162582398,"y":0.5239217281341553,"z":-1.9839472770690919},"rotation":{"x":0.004227358847856522,"y":0.993413507938385,"z":-0.10801856219768524,"w":0.03874507546424866},"size":5.844130516052246,"orthographic":false}