{"cameraMode":{"drawMode":0,"name":"Shaded","section":"Shading Mode"},"sceneLighting":false,"audioPlay":false,"sceneViewState":{"showFog":true,"showMaterialUpdate":true,"showSkybox":false,"showFlares":true,"showImageEffects":true,"showParticleSystems":true},"in2DMode":false,"pivot":{"x":-3.833094596862793,"y":-0.16278499364852906,"z":19.471399307250978},"rotation":{"x":0.16340310871601106,"y":0.4054822623729706,"z":-0.07390647381544113,"w":0.8963710069656372},"size":3.1503827571868898,"orthographic":false}