{"cameraMode":{"drawMode":0,"name":"Shaded","section":"Shading Mode"},"sceneLighting":false,"audioPlay":false,"sceneViewState":{"showFog":true,"showMaterialUpdate":true,"showSkybox":false,"showFlares":true,"showImageEffects":true,"showParticleSystems":true},"in2DMode":false,"pivot":{"x":-7.320420742034912,"y":1.716296911239624,"z":21.023698806762697},"rotation":{"x":0.15937505662441255,"y":-0.24564863741397859,"z":0.0409940704703331,"w":0.9553189873695374},"size":0.6171633005142212,"orthographic":false}