{"cameraMode":{"drawMode":0,"name":"Shaded","section":"Shading Mode"},"sceneLighting":false,"audioPlay":false,"sceneViewState":{"showFog":true,"showMaterialUpdate":true,"showSkybox":false,"showFlares":true,"showImageEffects":true,"showParticleSystems":true},"in2DMode":false,"pivot":{"x":0.6246290802955627,"y":1.4030418395996094,"z":0.21500955522060395},"rotation":{"x":0.006257678382098675,"y":0.992142915725708,"z":-0.11239980161190033,"w":0.05510278791189194},"size":2.6060783863067629,"orthographic":false}