{"cameraMode":{"drawMode":0,"name":"Shaded","section":"Shading Mode"},"sceneLighting":false,"audioPlay":false,"sceneViewState":{"showFog":true,"showMaterialUpdate":true,"showSkybox":false,"showFlares":true,"showImageEffects":true,"showParticleSystems":true},"in2DMode":false,"pivot":{"x":-2.0202701091766359,"y":2.0799999237060549,"z":39.32686996459961},"rotation":{"x":-0.004088720306754112,"y":-0.9958290457725525,"z":0.057133015245199206,"w":-0.07121531665325165},"size":8.72256851196289,"orthographic":false}