{"cameraMode":{"drawMode":0,"name":"Shaded","section":"Shading Mode"},"sceneLighting":false,"audioPlay":false,"sceneViewState":{"showFog":true,"showMaterialUpdate":true,"showSkybox":false,"showFlares":true,"showImageEffects":true,"showParticleSystems":true},"in2DMode":false,"pivot":{"x":1.0602068901062012,"y":0.13861209154129029,"z":-1.0239121913909913},"rotation":{"x":0.015644345432519914,"y":0.984373152256012,"z":-0.12050092965364456,"w":0.12767525017261506},"size":6.067139625549316,"orthographic":false}