{"cameraMode":{"drawMode":0,"name":"Shaded","section":"Shading Mode"},"sceneLighting":false,"audioPlay":false,"sceneViewState":{"showFog":true,"showMaterialUpdate":true,"showSkybox":false,"showFlares":true,"showImageEffects":true,"showParticleSystems":true},"in2DMode":false,"pivot":{"x":0.4653981328010559,"y":0.9533332586288452,"z":0.3232833445072174},"rotation":{"x":0.015644345432519914,"y":0.984373152256012,"z":-0.12050092965364456,"w":0.12767525017261506},"size":7.7645416259765629,"orthographic":false}