{"cameraMode":{"drawMode":0,"name":"Shaded","section":"Shading Mode"},"sceneLighting":false,"audioPlay":false,"sceneViewState":{"showFog":true,"showMaterialUpdate":true,"showSkybox":false,"showFlares":true,"showImageEffects":true,"showParticleSystems":true},"in2DMode":false,"pivot":{"x":-7.132787704467773,"y":1.4952166080474854,"z":18.359281539916993},"rotation":{"x":0.1734319031238556,"y":0.0006184581434354186,"z":-0.0001019588962662965,"w":0.9848674535751343},"size":5.887275218963623,"orthographic":false}